{
  "id": "312b7c35-b99b-4bcb-9cb7-6e71db463484",
  "name": "Demise",
  "isOverridable": true,
  "entries": [
    {
      "value": "sy",
      "synonyms": [
        "Funeral and Sympathy",
        "funeral",
        "lost",
        "sympathy",
        "passed away",
        "demise",
        "loss of life",
        "expiry",
        "death",
        "expired",
        "loss"
      ]
    },
    {
      "value": "dismissal",
      "synonyms": [
        "dismissal"
      ]
    }
  ],
  "isEnum": false,
  "automatedExpansion": false
}