{
  "id": "f4de4c55-1727-43f7-b50a-c3dcffd15912",
  "name": "Funeral_specific_product_types",
  "isOverridable": true,
  "entries": [
    {
      "value": "fa",
      "synonyms": [
        "Funeral Specific Product Types"
      ]
    },
    {
      "value": "fb",
      "synonyms": [
        "Funeral Baskets"
      ]
    },
    {
      "value": "fs",
      "synonyms": [
        "Funeral Sprays"
      ]
    },
    {
      "value": "fp",
      "synonyms": [
        "Funeral Plants"
      ]
    },
    {
      "value": "fl",
      "synonyms": [
        "Funeral Inside Casket"
      ]
    },
    {
      "value": "fw",
      "synonyms": [
        "Funeral Wreaths"
      ]
    },
    {
      "value": "fh",
      "synonyms": [
        "Funeral Hearts"
      ]
    },
    {
      "value": "fx",
      "synonyms": [
        "Funeral Crosses"
      ]
    },
    {
      "value": "fc",
      "synonyms": [
        "Funeral Casket sprays"
      ]
    }
  ],
  "isEnum": false,
  "automatedExpansion": false
}