{
  "id": "f2ce5b80-0d94-4ca8-928a-13d142d0995a",
  "name": "GiftType",
  "isOverridable": true,
  "entries": [
    {
      "value": "flowers",
      "synonyms": [
        "flower",
        "bloom",
        "blossom",
        "floweret",
        "floret",
        "bouquet",
        "flower bouquet",
        "gift bouquet",
        "gift"
      ]
    },
    {
      "value": "personalizedgift",
      "synonyms": [
        "personalizedgift",
        "personalized gift",
        "gift"
      ]
    },
    {
      "value": "cake",
      "synonyms": [
        "cake",
        "cakes"
      ]
    },
    {
      "value": "combos",
      "synonyms": [
        "combos",
        "flower \u0026 gift",
        "flower and gifts",
        "flowers and gifts",
        "gift"
      ]
    },
    {
      "value": "Just Because",
      "synonyms": [
        "Just Because"
      ]
    }
  ],
  "isEnum": false,
  "automatedExpansion": false
}