{
  "id": "3db4e2c6-dcea-4e86-b924-34df4eea89d3",
  "name": "Occasions",
  "isOverridable": true,
  "entries": [
    {
      "value": "ao",
      "synonyms": [
        "Every Day"
      ]
    },
    {
      "value": "bd",
      "synonyms": [
        "Birthday"
      ]
    },
    {
      "value": "an",
      "synonyms": [
        "Anniversary",
        "Marriage",
        "wedding",
        "married"
      ]
    },
    {
      "value": "ir",
      "synonyms": [
        "Love \u0026 Romance",
        "love",
        "valentine\u0027s day",
        "valentine",
        "valentines"
      ]
    },
    {
      "value": "gw",
      "synonyms": [
        "Get Well",
        "hospitalized",
        "admit"
      ]
    },
    {
      "value": "nb",
      "synonyms": [
        "New Baby",
        "new born baby",
        "baby"
      ]
    },
    {
      "value": "ty",
      "synonyms": [
        "Thank You",
        "thanks",
        "retired",
        "Gratitude",
        "gratitude"
      ]
    }
  ],
  "isEnum": false,
  "automatedExpansion": false
}