{
  "id": "908468a1-8a07-4310-9d83-eb50f1bf6420",
  "name": "Product_types",
  "isOverridable": true,
  "entries": [
    {
      "value": "c",
      "synonyms": [
        "centerpieces"
      ]
    },
    {
      "value": "o",
      "synonyms": [
        "one sided arrangements"
      ]
    },
    {
      "value": "n",
      "synonyms": [
        "novelty arrangements"
      ]
    },
    {
      "value": "v",
      "synonyms": [
        "vased arrangements"
      ]
    },
    {
      "value": "r",
      "synonyms": [
        "roses"
      ]
    },
    {
      "value": "q",
      "synonyms": [
        "cut bouquets"
      ]
    },
    {
      "value": "x",
      "synonyms": [
        "fruit baskets"
      ]
    },
    {
      "value": "p",
      "synonyms": [
        "plants"
      ]
    },
    {
      "value": "b",
      "synonyms": [
        "balloons"
      ]
    }
  ],
  "isEnum": false,
  "automatedExpansion": false
}