{
  "id": "01cdeb5c-c207-452d-887e-59e3b86afc16",
  "name": "Products",
  "isOverridable": true,
  "entries": [
    {
      "value": "B23-4386",
      "synonyms": [
        "The Red and Lavender Rose Bouquet",
        "B23-4386"
      ]
    },
    {
      "value": "B3-4420",
      "synonyms": [
        "The Tigress Bouquet",
        "B3-4420"
      ]
    },
    {
      "value": "E3-4811",
      "synonyms": [
        "The Lavender Rose",
        "E3-4811"
      ]
    },
    {
      "value": "C15-4138",
      "synonyms": [
        "Bright \u0026 Beautiful Bouquet",
        "C15-4138"
      ]
    },
    {
      "value": "B23-4375",
      "synonyms": [
        "The Red Romance Rose Bouquet",
        "B23-4375"
      ]
    },
    {
      "value": "C17-4861",
      "synonyms": [
        "The Shades of Purple Bouquet",
        "C17-4861"
      ]
    },
    {
      "value": "C16-4839",
      "synonyms": [
        "The Stunning Beauty Bouquet",
        "C16-4839"
      ]
    },
    {
      "value": "C17-4842",
      "synonyms": [
        "The Angelique Bouquet",
        "C17-4842"
      ]
    },
    {
      "value": "B22-4801",
      "synonyms": [
        "The Love Wonder Bouquet",
        "B22-4801"
      ]
    },
    {
      "value": "C18-4858",
      "synonyms": [
        "The Beloved Bouquet",
        "C18-4858"
      ]
    },
    {
      "value": "C15-4790",
      "synonyms": [
        "Precious Heart Bouquet",
        "C15-4790"
      ]
    },
    {
      "value": "T67-3A",
      "synonyms": [
        "Teleflora\u0027s Parisian Pinks",
        "T67-3A"
      ]
    },
    {
      "value": "T18-1A",
      "synonyms": [
        "Teleflora\u0027s Simply Sweet",
        "T18-1A"
      ]
    },
    {
      "value": "D5-4894",
      "synonyms": [
        "The Happy Blooms Basket",
        "D5-4894"
      ]
    },
    {
      "value": "C13-4840",
      "synonyms": [
        "The Basket of Cheer Bouquet",
        "C13-4840"
      ]
    },
    {
      "value": "T24-1A",
      "synonyms": [
        "Fly Away Birthday Bouquet",
        "T24-1A"
      ]
    },
    {
      "value": "T22-3A",
      "synonyms": [
        "Teleflora\u0027s Birthday Ribbon Bouquet",
        "T22-3A"
      ]
    },
    {
      "value": "T21-1A",
      "synonyms": [
        "Teleflora\u0027s Dazzling Day Bouquet",
        "T21-1A"
      ]
    },
    {
      "value": "C19-4846",
      "synonyms": [
        "Splendid Day Bouquet",
        "C19-4846"
      ]
    },
    {
      "value": "B3-4921",
      "synonyms": [
        "The Happy Thoughts Bouquet",
        "B3-4921"
      ]
    },
    {
      "value": "B4-4338",
      "synonyms": [
        "Bright Day Basket",
        "B4-4338"
      ]
    },
    {
      "value": "F1-120",
      "synonyms": [
        "Happy Birthday Balloon Bouquet",
        "F1-120"
      ]
    },
    {
      "value": "C19-4849",
      "synonyms": [
        "The Beautiful Expressions Bouquet",
        "C19-4849"
      ]
    },
    {
      "value": "D9-4910",
      "synonyms": [
        "Sunshine Daydream Bouquet",
        "D9-4910"
      ]
    },
    {
      "value": "AVB",
      "synonyms": [
        "Anniversary Bouquet",
        "AVB"
      ]
    },
    {
      "value": "E4-4819",
      "synonyms": [
        "The Blooming Masterpiece Rose Bouquet",
        "E4-4819"
      ]
    },
    {
      "value": "C11-4926",
      "synonyms": [
        "Love in Bloom Bouquet",
        "C11-4926"
      ]
    },
    {
      "value": "T18-2A",
      "synonyms": [
        "Teleflora\u0027s Pink Pink Bouquet",
        "T18-2A"
      ]
    },
    {
      "value": "T4-1A",
      "synonyms": [
        "Make Me Blush",
        "T4-1A"
      ]
    },
    {
      "value": "The Blooming Masterpiece Rose",
      "synonyms": [
        "The Blooming Masterpiece Rose"
      ]
    }
  ],
  "isEnum": false,
  "automatedExpansion": false
}