{
  "id": "3307eb92-b068-45ba-a5e4-28d04c94fb37",
  "name": "Relation",
  "isOverridable": true,
  "entries": [
    {
      "value": "brother",
      "synonyms": [
        "brother"
      ]
    },
    {
      "value": "boyfriend",
      "synonyms": [
        "boyfriend"
      ]
    },
    {
      "value": "bride",
      "synonyms": [
        "bride"
      ]
    },
    {
      "value": "cousin",
      "synonyms": [
        "cousin"
      ]
    },
    {
      "value": "dad",
      "synonyms": [
        "dad"
      ]
    },
    {
      "value": "daughter",
      "synonyms": [
        "daughter"
      ]
    },
    {
      "value": "father",
      "synonyms": [
        "father"
      ]
    },
    {
      "value": "father-in-law",
      "synonyms": [
        "father-in-law"
      ]
    },
    {
      "value": "fiance",
      "synonyms": [
        "fiance"
      ]
    },
    {
      "value": "friend",
      "synonyms": [
        "friend"
      ]
    },
    {
      "value": "grandfather",
      "synonyms": [
        "grandpa",
        "grandfather"
      ]
    },
    {
      "value": "grandmother",
      "synonyms": [
        "grandmother",
        "grandma"
      ]
    },
    {
      "value": "uncle",
      "synonyms": [
        "uncle"
      ]
    },
    {
      "value": "aunt",
      "synonyms": [
        "aunt"
      ]
    }
  ],
  "isEnum": false,
  "automatedExpansion": false
}