{
  "domain": "smalltalk",
  "customResponses": [
    {
      "action": "smalltalk.greetings.hello",
      "parameters": [],
      "customAnswers": [
        "Hello!",
        "Hi ! How may I help you?"
      ]
    },
    {
      "action": "smalltalk.greetings.how_are_you",
      "parameters": [],
      "customAnswers": [
        "I\u0027m fantastic.Thank you.How about you ?",
        "I\u0027m good.Thank you.How about you ?",
        "I\u0027m fine.Thanks for asking.How about you ?"
      ]
    }
  ]
}